address,CMANAME,CSDNAME,Facility name,URL,Facility Type,Facility Sub-type,Exposure,Ownership Type,Civic #,Street name,Street Type,Unit/block,City name,Province,Postal Code,Longitude (X),Latitude (Y),Source description/comment,Unnamed: 19,lat,lon
"1 Rivard St., Ile-des-Chênes, MB",,Ritchot,TransCanada Centre,https://www.ritchot.com/p/recreation-centres-arenas-,Leisure / Community Centres,General,Indoor,Public,,,,,,,,,,,,49.7142924,-96.9948955
"1 Sir John Franklin Rd, Winnipeg, MB",,Winnipeg,Sir John Franklin Community Centre,https://corydoncc.com/facilities/sir-john-franklin-facilities/,Leisure / Community Centres,General,Indoor,Public,,,,,,,,,,,,49.865876,-97.196205
"10 305 Pr, Brunkild, MB ",,Macdonald,Brunkild Memorial Recreation Centre,"https://www.mhrd.ca/pages/community-directory/42/page/brunkild/46,47,48,49,50,51",Leisure / Community Centres,General,Indoor,Public,,,,,,,,,,,,49.5911614,-97.5767748
"100 Ferry Rd, Winnipeg, MB",,Winnipeg,Bourkevale Community Centre,http://www.mybourkevale.com/p/hall-bookings.html,Leisure / Community Centres,General,Indoor,Public,,,,,,,,,,,,49.8747145,-97.2195907
"101 MacDonald Rd., Oak Bluff, MB ",,Macdonald,Oak Bluff Recreation Centre,"https://www.mhrd.ca/pages/community-directory/42/page/brunkild/46,47,48,49,50,51",Leisure / Community Centres,General,Indoor,Public,,,,,,,,,,,,49.7717984,-97.3226263
"101 MacDonald Rd., Oak Bluff, MB ",,Macdonald,Oak Bluff Arena,"https://www.mhrd.ca/pages/community-directory/42/page/brunkild/46,47,48,49,50,51",Ice,Single surface,Indoor,Public,,,,,,,,,,,,49.7717984,-97.3226263
"101 Pembina Hwy, Winnipeg, MB",,Winnipeg,River Osborne Community Centre,https://www.google.ca/search?q=River+Osborne+Community+Centre&oq=River+Osborne+Community+Centre&aqs=chrome..69i57.652j0j4&sourceid=chrome&ie=UTF-8,Leisure / Community Centres,General,Indoor,Public,,,,,,,,,,,,49.8747253,-97.1435127
"101 Pembina Hwy, Winnipeg, MB",,Winnipeg,River Osborne Community Centre,https://www.google.ca/search?q=River+Osborne+Community+Centre&oq=River+Osborne+Community+Centre&aqs=chrome..69i57.652j0j4&sourceid=chrome&ie=UTF-8,Physical Recreation & Sports,Gymnasiums ,Indoor,Public,,,,,,,,,,,,49.8747253,-97.1435127
"1016 Almey Ave, Oakbank, MB ",,Springfield,Oakbank and District Community Club (OBCC),http://www.oakbankcc.ca/,Leisure / Community Centres,General,Indoor,Public,,,,,,,,,,,,49.9430677,-96.8389625
"1016 Almey Ave, Oakbank, MB ",,Springfield,Oakbank and District Community Club (OBCC),http://www.oakbankcc.ca/,Ice,Single surface,Indoor,Public,,,,,,,,,,,,49.9430677,-96.8389625
"1016 Almey Avenue, Oakbank, MB",,Winnipeg,Oakbank & District Community Club & ONE Insurance Arena,https://springfield.municipalwebsites.ca/ckfinder/connector?command=Proxy&lang=en&type=Files&currentFolder=%2Fdocuments%2Fcommunity_services%2F&hash=c245c263ce0eced480effe66bbede6b4d46c15ae&fileName=2019%20Community%20Services%20Directory.pdf,Ice,Single surface,Indoor,Public,,,,,,,,,,,,49.9430677,-96.8389625
"1016 Almey Avenue, Oakbank, MB",,Winnipeg,Oakbank & District Community Club & ONE Insurance Arena,https://springfield.municipalwebsites.ca/ckfinder/connector?command=Proxy&lang=en&type=Files&currentFolder=%2Fdocuments%2Fcommunity_services%2F&hash=c245c263ce0eced480effe66bbede6b4d46c15ae&fileName=2019%20Community%20Services%20Directory.pdf,Leisure / Community Centres,General,Indoor,Public,,,,,,,,,,,,49.9430677,-96.8389625
"1078 Red River Drive, Howden, MB",,Ritchot,Howden Community Centre,https://www.ritchot.com/p/recreation-centres-arenas-,Leisure / Community Centres,General,Indoor,Public,,,,,,,,,,,,49.7180931,-97.1279824
"11 Thompson Avenue, Garson, MB",,Brokenhead 4,Garson Centennial Community Hall,http://rmofbrokenhead.ca/m/garson-centennial-community-hall,Leisure / Community Centres,General,Indoor,Public,,,,,,,,,,,,50.0783342,-96.7070568
"1101 Wabasha Street, MB",,Winnipeg,Transcona Kinsmen Centennial,https://winnipeg.ca/cms/recreation/facilities/pools/indoor_pools/transcona.stm,Aquatics,25m pool with or without other pools,Indoor,Public,,,,,,,,,,,,49.9013852,-96.9982934
"1101 Wabasha Street, MB",,Winnipeg,Transcona Kinsmen Centennial,https://winnipeg.ca/cms/recreation/facilities/pools/indoor_pools/transcona.stm,Physical Recreation & Sports,Fitness centres / areas ,Indoor,Public,,,,,,,,,,,,49.9013852,-96.9982934
"1111 Wall St., MB",,Winnipeg,Sargent Park Arena,https://winnipeg.ca/cms/recreation/programs/skating.stm#skateSchedule,Ice,Single surface,Indoor,Public,,,,,,,,,,,,49.8973989,-97.181327
"1144 Kingsford Pl, Winnipeg, MB",,Winnipeg,North Kildonan Community Centre,http://nkcc.ca/,Leisure / Community Centres,General,Indoor,Public,,,,,,,,,,,,49.93313,-97.073661
"1144 Kingsford Pl, Winnipeg, MB",,Winnipeg,North Kildonan Community Centre,http://nkcc.ca/,Physical Recreation & Sports,Sport fields,Indoor,Public,,,,,,,,,,,,49.93313,-97.073661
"1144 Kingsford Pl, Winnipeg, MB",,Winnipeg,North Kildonan Community Centre,http://nkcc.ca/,Physical Recreation & Sports,Gymnasiums ,Indoor,Public,,,,,,,,,,,,49.93313,-97.073661
"1144 Kingsford Pl, Winnipeg, MB",,Winnipeg,North Kildonan Community Centre,http://nkcc.ca/,Physical Recreation & Sports,Fitness centres / areas ,Indoor,Public,,,,,,,,,,,,49.93313,-97.073661
"1145 Strathcona Road, East Selkirk, MB",,St. Clements,East Selkirk Recreation Association,https://www.eastselkirkrec.com/,Leisure / Community Centres,General,Indoor,Public,,,,,,,,,,,,50.1320406,-96.8277831
"115 Sanford Fleming Rd, Winnipeg, MB",,Winnipeg,Park City West Community Centre,http://pcwcc.pointstreaksites.com/view/pcwcc/contact-us-1,Leisure / Community Centres,General,Indoor,Public,,,,,,,,,,,,49.906716,-97.01832
"115 Sanford Fleming Rd, Winnipeg, MB",,Winnipeg,Park City West Community Centre,http://pcwcc.pointstreaksites.com/view/pcwcc/contact-us-1,Physical Recreation & Sports,Fitness centres / areas ,Indoor,Public,,,,,,,,,,,,49.906716,-97.01832
"1188 Dakota St, Winnipeg, MB",,Winnipeg,Dakota Community Centre,https://dakotacc.com/184/ice-rentals,Leisure / Community Centres,General,Indoor,Public,,,,,,,,,,,,49.8192349,-97.1012004
"1188 Dakota St, Winnipeg, MB",,Winnipeg,Dakota Community Centre,https://dakotacc.com/184/ice-rentals,Ice,Single surface,Indoor,Public,,,,,,,,,,,,49.8192349,-97.1012004
"1188 Dakota St, Winnipeg, MB",,Winnipeg,Dakota Community Centre,https://dakotacc.com/184/ice-rentals,Physical Recreation & Sports,"Racquet courts (squash, racquetball, badminton)",Indoor,Public,,,,,,,,,,,,49.8192349,-97.1012004
"1188 Dakota St, Winnipeg, MB",,Winnipeg,Dakota Community Centre,https://dakotacc.com/184/ice-rentals,Physical Recreation & Sports,Fitness centres / areas ,Indoor,Public,,,,,,,,,,,,49.8192349,-97.1012004
"1188 Dakota St, Winnipeg, MB",,Winnipeg,Dakota Community Centre,https://dakotacc.com/184/ice-rentals,Physical Recreation & Sports,Tennis and/or pickleball courts ,Indoor,Public,,,,,,,,,,,,49.8192349,-97.1012004
"1215 Archibald Street, MB",Winnipeg (MN),Winnipeg,Bonivital,https://winnipeg.ca/cms/recreation/facilities/pools/indoor_pools/bonivital.stm,Aquatics,25m pool with or without other pools,Indoor,Public,,,,,,,,,,,,49.8602976,-97.0881451
"1215 Archibald Street, MB",,Winnipeg,Bonivital,https://winnipeg.ca/cms/recreation/facilities/pools/indoor_pools/bonivital.stm,Aquatics,Leisure / wading pools,Indoor,Public,,,,,,,,,,,,49.8602976,-97.0881451
"124 Borden Ave, Winnipeg, MB",,Winnipeg,South Transcona Community Centre,https://www.southtransconacc.com/contact-us,Leisure / Community Centres,General,Indoor,Public,,,,,,,,,,,,49.8843491,-97.0011452
"124 Borden Ave, Winnipeg, MB",,Winnipeg,South Transcona Community Centre,https://www.southtransconacc.com/contact-us,Physical Recreation & Sports,Fitness centres / areas ,Indoor,Public,,,,,,,,,,,,49.8843491,-97.0011452
"1295 Salter St, Winnipeg, MB",,Winnipeg,Vince Leah Community Centre,https://www.vinceleahrecreationcentre.com/contact-us.html,Leisure / Community Centres,General,Indoor,Public,,,,,,,,,,,,49.950922,-97.114919
"1315 Strathcona St, Winnipeg, MB",,Winnipeg,Valour Community Centre - Clifton site,http://valourcc.ca/facilities/clifton/,Leisure / Community Centres,General,Indoor,Public,,,,,,,,,,,,49.902807,-97.189837
"1370 Grosvenor Ave, Winnipeg, MB",,Winnipeg,Central Corydon CC- River Heights site,https://corydoncc.com/facilities/river-heights-facilities/,Leisure / Community Centres,General,Indoor,Public,,,,,,,,,,,,49.865473,-97.1814989
"1370 Grosvenor Ave, Winnipeg, MB",,Winnipeg,Central Corydon CC- River Heights site,https://corydoncc.com/facilities/river-heights-facilities/,Physical Recreation & Sports,Gymnasiums ,Indoor,Public,,,,,,,,,,,,49.865473,-97.1814989
"1377 Clarence Ave., MB",,Winnipeg,Century Arena,https://winnipeg.ca/cms/recreation/programs/skating.stm#skateSchedule,Ice,Single surface,Indoor,Public,,,,,,,,,,,,49.8312423,-97.1687404
"1400 Rothesay Street, MB",,Winnipeg,Peguis Trail Health & Fitness Centre,https://winnipeg.ca/cms/recreation/facilities/leisurecentres/peguistrail.stm,Physical Recreation & Sports,Fitness centres / areas ,Indoor,Public,,,,,,,,,,,,49.942976,-97.077601
"1400 Rothesay Street, MB",,Winnipeg,Peguis Trail Health & Fitness Centre,https://winnipeg.ca/cms/recreation/facilities/leisurecentres/peguistrail.stm,Physical Recreation & Sports,Running tracks (track and field),Indoor,Public,,,,,,,,,,,,49.942976,-97.077601
"1410 Rothesay St., MB",,Winnipeg,River East Arena,https://winnipeg.ca/cms/recreation/programs/skating.stm#skateSchedule,Ice,Single surface,Indoor,Public,,,,,,,,,,,,49.943873,-97.0752725
"1415 Burrows Ave, Winnipeg, MB",,Winnipeg,Northwood Community Centre,http://northwoodcc.ca/our-facilities.html,Leisure / Community Centres,General,Indoor,Public,,,,,,,,,,,,49.9306597,-97.1792125
"1415 Burrows Ave, Winnipeg, MB",,Winnipeg,Northwood Community Centre,http://northwoodcc.ca/our-facilities.html,Physical Recreation & Sports,Gymnasiums ,Indoor,Public,,,,,,,,,,,,49.9306597,-97.1792125
"1420 Dawson Rd, Lorette, MB",,Taché,Lorette Community Complex,http://rmtache.ca/main.aspx?CategoryCode=7308C02D-61DC-4624-B98F-F11F11C92D1C&pageCode=22F69C43-47EE-41D2-B06C-5348779557B1&subPageCode=854B5FE9-BBA2-401C-AD31-7B8018CCEE46,Leisure / Community Centres,General,Indoor,Public,,,,,,,,,,,,49.7364478,-96.8650061
"1420 Dawson Rd, Lorette, MB",,Taché,Lorette Community Complex,http://rmtache.ca/main.aspx?CategoryCode=7308C02D-61DC-4624-B98F-F11F11C92D1C&pageCode=22F69C43-47EE-41D2-B06C-5348779557B1&subPageCode=854B5FE9-BBA2-401C-AD31-7B8018CCEE46,Ice,Single surface,Indoor,Public,,,,,,,,,,,,49.7364478,-96.8650061
"153 Seekings, Headingley, MB  ",,Headingley,South Hall – Phoenix Recreation Centre,http://www.rmofheadingley.ca/p/rental-rates,Leisure / Community Centres,General,Indoor,Public,,,,,,,,,,,,49.8636809,-97.4194223
"1625 Logan Ave, Winnipeg, MB",,Winnipeg,Weston Community Centre,,Leisure / Community Centres,General,Indoor,Public,,,,,,,,,,,,49.9209238,-97.1925084
"1625 Logan Ave, Winnipeg, MB",,Winnipeg,Weston Community Centre,,Physical Recreation & Sports,Gymnasiums ,Indoor,Public,,,,,,,,,,,,49.9209238,-97.1925084
"165 Sansome Ave, Winnipeg, MB",,Winnipeg,Kirkfield Westwood Community Centre - Sansome Site,https://kirkfieldwestwoodcc.teamsnapsites.com/facilityrental/,Leisure / Community Centres,General,Indoor,Public,,,,,,,,,,,,49.8759789,-97.3041889
"165 Sansome Ave, Winnipeg, MB",,Winnipeg,Kirkfield Westwood Community Centre - Sansome Site,https://kirkfieldwestwoodcc.teamsnapsites.com/facilityrental/,Physical Recreation & Sports,Gymnasiums ,Indoor,Public,,,,,,,,,,,,49.8759789,-97.3041889
"165 Sansome Ave, Winnipeg, MB",,Winnipeg,Kirkfield Westwood Community Centre - Sansome Site,https://kirkfieldwestwoodcc.teamsnapsites.com/facilityrental/,Ice,Single surface,Indoor,Public,,,,,,,,,,,,49.8759789,-97.3041889
"165 Sansome Ave, Winnipeg, MB",,Winnipeg,Kirkfield Westwood Community Centre - Sansome Site,https://kirkfieldwestwoodcc.teamsnapsites.com/facilityrental/,Physical Recreation & Sports,Fitness centres / areas ,Indoor,Public,,,,,,,,,,,,49.8759789,-97.3041889
"170 Fleetwood Rd, Winnipeg, MB",,Winnipeg,Westridge Community Centre - Whyte Ridge Site,http://whyteridge.ca/wp-cc/contact-us/,Leisure / Community Centres,General,Indoor,Public,,,,,,,,,,,,49.8121027,-97.215648
"170 Fleetwood Rd, Winnipeg, MB",,Winnipeg,Westridge Community Centre - Whyte Ridge Site,http://whyteridge.ca/wp-cc/contact-us/,Physical Recreation & Sports,Fitness centres / areas ,Indoor,Public,,,,,,,,,,,,49.8121027,-97.215648
"1717 Gateway Rd, Winnipeg, MB",,Winnipeg,Gateway Recreation Centre,https://gatewayrec.com/contact-us/,Leisure / Community Centres,General,Indoor,Public,,,,,,,,,,,,49.9460444,-97.0470955
"1717 Gateway Rd, Winnipeg, MB",,Winnipeg,Gateway Recreation Centre,https://gatewayrec.com/contact-us/,Physical Recreation & Sports,Sport fields,Indoor,Public,,,,,,,,,,,,49.9460444,-97.0470955
"1717 Gateway Rd, Winnipeg, MB",,Winnipeg,Gateway Recreation Centre,https://gatewayrec.com/contact-us/,Ice,2+ surfaces,Indoor,Public,,,,,,,,,,,,49.9460444,-97.0470955
"174 Mandan Dr, Sanford, MB ",,Macdonald,Macdonald Hockey - Sanford/Brunkild Rep. (Sanford Arena),"https://www.mhrd.ca/pages/community-directory/42/page/brunkild/46,47,48,49,50,51",Ice,Single surface,Indoor,Public,,,,,,,,,,,,49.6793113,-97.4468063
"176 Worthington Ave, Winnipeg, MB",,Winnipeg,Norberry-Glenlee Community Centre - Glenlee site,http://www.norberry-glenlee.ca/Contact.aspx,Leisure / Community Centres,General,Indoor,Public,,,,,,,,,,,,49.8421645,-97.0975924
"176 Worthington Ave, Winnipeg, MB",,Winnipeg,Norberry-Glenlee Community Centre - Glenlee site,http://www.norberry-glenlee.ca/Contact.aspx,Physical Recreation & Sports,Gymnasiums ,Indoor,Public,,,,,,,,,,,,49.8421645,-97.0975924
"176 Worthington Ave, Winnipeg, MB",,Winnipeg,Norberry-Glenlee Community Centre - Glenlee site,http://www.norberry-glenlee.ca/Contact.aspx,Physical Recreation & Sports,Tennis and/or pickleball courts ,Indoor,Public,,,,,,,,,,,,49.8421645,-97.0975924
"1885 Chancellor Dr, Winnipeg, MB",,Winnipeg,Waverley Heights Community Centre,https://www.swcc1.ca/facilities/,Leisure / Community Centres,General,Indoor,Public,,,,,,,,,,,,49.8097757,-97.1614413
"1887 Pacific Avenue West, MB",,Winnipeg,Eldon Ross,https://winnipeg.ca/cms/recreation/facilities/pools/indoor_pools/eldon_ross.stm,Aquatics,25m pool with or without other pools,Indoor,Public,,,,,,,,,,,,49.9214375,-97.1998409
"1887 Pacific Avenue West, MB",,Winnipeg,Eldon Ross,https://winnipeg.ca/cms/recreation/facilities/pools/indoor_pools/eldon_ross.stm,Aquatics,Leisure / wading pools,Indoor,Public,,,,,,,,,,,,49.9214375,-97.1998409
"191 Robert Koop Rd, Landmark, MB",,Taché,Landmark Recreation Association,http://rmtache.ca/main.aspx?CategoryCode=7308C02D-61DC-4624-B98F-F11F11C92D1C&pageCode=22F69C43-47EE-41D2-B06C-5348779557B1&subPageCode=854B5FE9-BBA2-401C-AD31-7B8018CCEE46,Ice,Single surface,Indoor,Public,,,,,,,,,,,,49.6639687,-96.8136482
"191 Robert Koop Rd, Landmark, MB",,Taché,Landmark Recreation Association,http://rmtache.ca/main.aspx?CategoryCode=7308C02D-61DC-4624-B98F-F11F11C92D1C&pageCode=22F69C43-47EE-41D2-B06C-5348779557B1&subPageCode=854B5FE9-BBA2-401C-AD31-7B8018CCEE46,Leisure / Community Centres,General,Indoor,Public,,,,,,,,,,,,49.6639687,-96.8136482
"191 Robert Koop Rd, Landmark, MB",,Taché,Kinsmen Community Centre,http://rmtache.ca/main.aspx?CategoryCode=7308C02D-61DC-4624-B98F-F11F11C92D1C&pageCode=22F69C43-47EE-41D2-B06C-5348779557B1&subPageCode=854B5FE9-BBA2-401C-AD31-7B8018CCEE46,Leisure / Community Centres,General,Indoor,Public,,,,,,,,,,,,49.6639687,-96.8136482
"200 Glendale Blvd, Winnipeg, MB",,Winnipeg,Woodhaven Community Centre,http://woodhavencc.ca/,Leisure / Community Centres,General,Indoor,Public,,,,,,,,,,,,49.8729461,-97.2715473
"200 Glendale Blvd, Winnipeg, MB",,Winnipeg,Woodhaven Community Centre,http://woodhavencc.ca/,Physical Recreation & Sports,Fitness centres / areas ,Indoor,Public,,,,,,,,,,,,49.8729461,-97.2715473
"200 Isabel St, Winnipeg, MB",,Winnipeg,Central Community Centre,https://www.gcwcc.mb.ca/site/assets/files/3133/central.pdf,Leisure / Community Centres,General,Indoor,Public,,,,,,,,,,,,49.904157,-97.1487176
"200 Isabel St, Winnipeg, MB",,Winnipeg,Central Community Centre,https://www.gcwcc.mb.ca/site/assets/files/3133/central.pdf,Physical Recreation & Sports,Gymnasiums ,Indoor,Public,,,,,,,,,,,,49.904157,-97.1487176
"200 Isabel Street, MB",,Winnipeg,Freight House Recreation and Leisure Centre,https://winnipeg.ca/cms/recreation/facilities/leisurecentres/freighthouse.stm,Leisure / Community Centres,General,Indoor,Public,,,,Door #1,,,,,,,,49.904157,-97.1487176
"200 Isabel Street, MB",,Winnipeg,Freight House Recreation and Leisure Centre,https://winnipeg.ca/cms/recreation/facilities/leisurecentres/freighthouse.stm,Physical Recreation & Sports,Fitness centres / areas ,Indoor,Public,,,,Door #1,,,,,,,,49.904157,-97.1487176
"2050 Ness Avenue, MB",,Winnipeg,Deer Lodge Tennis Club,https://winnipeg.ca/cms/recreation/facilities/leisurecentres/deer_lodge.stm,Physical Recreation & Sports,Tennis and/or pickleball courts ,Indoor,Public,,,,,,,,,,,,49.884129,-97.232047
"2055 Ness Avenue, MB",,Winnipeg,St. James Civic Centre,https://winnipeg.ca/cms/recreation/facilities/pools/indoor_pools/st_james_civic.stm,Aquatics,25m pool with or without other pools,Indoor,Public,,,,,,,,,,,,49.885907,-97.2345069
"2055 Ness Avenue, MB",,Winnipeg,St. James Civic Centre,https://winnipeg.ca/cms/recreation/facilities/pools/indoor_pools/st_james_civic.stm,Physical Recreation & Sports,Fitness centres / areas ,Indoor,Public,,,,,,,,,,,,49.885907,-97.2345069
"2055 Ness Avenue, MB",,Winnipeg,St. James Civic Centre,"http://www.flippubs.com/publication/?i=602895#{""issue_id"":602895,""publication_id"":""60769"",""page"":10}",Ice,Single surface,Indoor,Public,,,,,,,,,,,,49.885907,-97.2345069
"2055 Ness Avenue, MB",,Winnipeg,St. James Civic Centre,"http://www.flippubs.com/publication/?i=602895#{""issue_id"":602895,""publication_id"":""60769"",""page"":10}",Leisure / Community Centres,General,Indoor,Public,,,,,,,,,,,,49.885907,-97.2345069
"2055 Ness Avenue, MB",,Winnipeg,St. James Civic Centre Arena,https://winnipeg.ca/cms/recreation/programs/skating.stm#skateSchedule,Ice,Single surface,Indoor,Public,,,,,,,,,,,,49.885907,-97.2345069
"210 Rita St, Winnipeg, MB",,Winnipeg,Sturgeon Heights Community Centre - Rita Site,http://www.sturgeonheightscc.com/winnipeg-hall-rentals/,Leisure / Community Centres,General,Indoor,Public,,,,,,,,,,,,49.8762226,-97.2587476
"210 St Cross St, Winnipeg, MB",,Winnipeg,Luxton Community Centre,https://luxtoncc.org/facilities/hall-rental/,Leisure / Community Centres,,Indoor,Public,,,,,,,,,,,,49.9249855,-97.1186356
"211 Mercy Street, Selkirk, MB",,St. Clements,Selkitk Community Pool,https://selkirkcommunitypool.weebly.com/about.html,Aquatics,25m pool with or without other pools,Indoor,Public,,,,,,,,,,,,50.1390423,-96.8912227
"218 Antrim Rd, Winnipeg, MB",,Winnipeg,Valley Gardens Community Centre,https://www.google.ca/search?q=valley+Gardens+Community+Centre&oq=valley+Gardens+Community+Centre&aqs=chrome..69i57j69i59j69i60l3.3510j0j4&sourceid=chrome&ie=UTF-8,Leisure / Community Centres,General,Indoor,Public,,,,,,,,,,,,49.9198607,-97.0709706
"2255 King Edward St, Winnipeg, MB",,Winnipeg,Tyndall Park Community Centre,http://www.tyndallparkcc.com/Basketball.html,Leisure / Community Centres,General,Indoor,Public,,,,,,,,,,,,49.9371129,-97.203506
"2255 King Edward St, Winnipeg, MB",,Winnipeg,Tyndall Park Community Centre,http://www.tyndallparkcc.com/Basketball.html,Physical Recreation & Sports,Fitness centres / areas ,Indoor,Public,,,,,,,,,,,,49.9371129,-97.203506
"25 Poseidon Bay, MB",,Winnipeg,Pan Am,https://winnipeg.ca/cms/recreation/facilities/pools/indoor_pools/pan_am.stm,Aquatics,25m pool with or without other pools,Indoor,Public,,,,,,,,,,,,49.8552507,-97.1730943
"25 Poseidon Bay, MB",,Winnipeg,Pan Am,https://winnipeg.ca/cms/recreation/facilities/pools/indoor_pools/pan_am.stm,Aquatics,Leisure / wading pools,Indoor,Public,,,,,,,,,,,,49.8552507,-97.1730943
"25 Poseidon Bay, MB",,Winnipeg,Pan Am,https://winnipeg.ca/cms/recreation/facilities/pools/indoor_pools/pan_am.stm,Physical Recreation & Sports,Fitness centres / areas ,Indoor,Public,,,,,,,,,,,,49.8552507,-97.1730943
"25 Poseidon Bay, MB",,Winnipeg,Pan Am,https://winnipeg.ca/cms/recreation/facilities/pools/indoor_pools/pan_am.stm,Physical Recreation & Sports,Running tracks (track and field),Indoor,Public,,,,,,,,,,,,49.8552507,-97.1730943
"254 Lakewood Blvd, Winnipeg, MB",,Winnipeg,Southdale Community Centre,http://www.southdale.ca/,Leisure / Community Centres,General,Indoor,Public,,,,,,,,,,,,49.8460442,-97.0780711
"254 Lakewood Blvd, Winnipeg, MB",,Winnipeg,Southdale Community Centre,http://www.southdale.ca/,Ice,Single surface,Indoor,Public,,,,,,,,,,,,49.8460442,-97.0780711
"26 Memorial Blvd, Hazelridge, MB",,Springfield,Hazelridge Sports Complex,https://hazelridgesports.ca/,Leisure / Community Centres,General,Indoor,Public,,,,,,,,,,,,49.9623417,-96.7184776
"26 Memorial Blvd, Hazelridge, MB",,Springfield,Hazelridge Sports Complex,https://hazelridgesports.ca/,Ice,Single surface,Indoor,Public,,,,,,,,,,,,49.9623417,-96.7184776
"260 Hoddinott Road, East St Paul, MB",,East St. Paul,East St. Paul Curling,https://eaststpaulcurlingclub.net/index.php/our-club/location,Ice,Single surface,Indoor,Public,,,,,,,,,,,,49.9881906,-97.0383592
"266 Hoddinott Rd, East Saint Paul, MB ",,East St. Paul,East St. Paul Arena and Recreation Complex,"http://www.eaststpaul.com/main.asp?fxoid=FXMenu,4&cat_ID=3&sub_ID=76",Ice,Single surface,Both,Public,,,,,,,,,,,,49.986892,-97.038345
"266 Hoddinott Rd, East Saint Paul, MB ",,East St. Paul,East St. Paul Arena and Recreation Complex,"http://www.eaststpaul.com/main.asp?fxoid=FXMenu,4&cat_ID=3&sub_ID=76",Leisure / Community Centres,General,Indoor,Public,,,,,,,,,,,,49.986892,-97.038345
"271 De La Cathedrale Ave, Winnipeg, MB",,Winnipeg,Notre Dame Recreation Association,https://www.ndrc.ca/,Leisure / Community Centres,General,Indoor,Public,,,,,,,,,,,,49.8906355,-97.1164799
"271 De La Cathedrale Ave, Winnipeg, MB",,Winnipeg,Notre Dame Recreation Association,https://www.ndrc.ca/,Ice,Single surface,Indoor,Public,,,,,,,,,,,,49.8906355,-97.1164799
"271 De La Cathedrale Ave, Winnipeg, MB",,Winnipeg,Notre Dame Recreation Association,https://www.ndrc.ca/,Physical Recreation & Sports,Gymnasiums ,Indoor,Public,,,,,,,,,,,,49.8906355,-97.1164799
"271 De La Cathedrale Ave, Winnipeg, MB",,Winnipeg,Notre Dame Recreation Association,https://www.ndrc.ca/,Physical Recreation & Sports,Fitness centres / areas ,Indoor,Public,,,,,,,,,,,,49.8906355,-97.1164799
"271 North Dr, Winnipeg, MB",,Winnipeg,Wildwood Community Centre,http://wildwoodcc.ca/contact/,Leisure / Community Centres,General,Indoor,Public,,,,,,,,,,,,49.8492171,-97.1281592
"276 Ste. Agathe St., Ste. Agathe, MB",,Ritchot,Ste. Agathe Arena,https://www.ritchot.com/p/recreation-centres-arenas-,Ice,Single surface,Indoor,Public,,,,,,,,,,,,49.5671454,-97.1838532
"282 Niverville Ave, Winnipeg, MB",,Winnipeg,Champlain Community Centre,https://champlaincc.ca/contact/,Leisure / Community Centres,General,Indoor,Public,,,,,,,,,,,,49.8752918,-97.1142671
"282 Niverville Ave, Winnipeg, MB",,Winnipeg,Champlain Community Centre,https://champlaincc.ca/contact/,Physical Recreation & Sports,Fitness centres / areas ,Indoor,Public,,,,,,,,,,,,49.8752918,-97.1142671
"282 Niverville Ave, Winnipeg, MB",,Winnipeg,Champlain Community Centre,https://champlaincc.ca/contact/,Physical Recreation & Sports,Gymnasiums ,Indoor,Public,,,,,,,,,,,,49.8752918,-97.1142671
"293 Murray Ave, Winnipeg, Mb",,Winnipeg,Red River Community Centre,https://www.redrivercommunitycentre.ca/contact,Leisure / Community Centres,General,Indoor,Public,,,,,,,,,,,,49.955186,-97.1000775
"293 Murray Ave, Winnipeg, Mb",,Winnipeg,Red River Community Centre,https://www.redrivercommunitycentre.ca/contact,Physical Recreation & Sports,Gymnasiums ,Indoor,Public,,,,,,,,,,,,49.955186,-97.1000775
"294 Bertrand St., MB",,Winnipeg,Bertrand Arena,https://winnipeg.ca/cms/recreation/programs/skating.stm#skateSchedule,Ice,Single surface,Indoor,Public,,,,,,,,,,,,49.883695,-97.115206
"3 Marshall Cres, Winnipeg, MB",,Winnipeg,Westridge Community Centre,https://www.facebook.com/Westridgecommcenter/,Leisure / Community Centres,General,Indoor,Public,,,,,,,,,,,,49.8374725,-97.1566286
"30 026 Zora Road, Anola, MB",,Springfield,Cooks Creek Community Club,https://www.rmofspringfield.ca/p/springfield-community-clubs,Leisure / Community Centres,General,Indoor,Public,,,,,,,,,,,,50.003428,-96.7399552
"30 026 Zora Road, Anola, MB",,Springfield,Cooks Creek Community Club,https://www.rmofspringfield.ca/p/springfield-community-clubs,Physical Recreation & Sports,Fitness centres / areas ,Indoor,Public,,,,,,,,,,,,50.003428,-96.7399552
"3021 Birds Hill Road, East St. Paul, MB",,East St. Paul,Centennial Plaza,"http://www.eaststpaul.com/main.asp?fxoid=FXMenu,1&cat_ID=3&sub_ID=89&sub2_ID=102",Leisure / Community Centres,General,Indoor,Public,,,,,,,,,,,,49.9707908,-97.0098605
"304-183 Pembina Trail, Ste. Agathe, MB",,Ritchot,Ste. Agathe Culture & Community Club,https://www.ritchot.com/p/recreation-centres-arenas-,Leisure / Community Centres,General,Indoor,Public,,,,,,,,,,,,49.5672799,-97.1828109
"305 Morgan Cres, Winnipeg, MB",,Winnipeg,Assiniboine West Recreation Association - Morgan Site,https://www.awra.ca/hallrentals,Leisure / Community Centres,General,Indoor,Public,,,,,,,,,,,,49.8896199,-97.3035504
"315 Laxdal Rd, Winnipeg, MB",,Winnipeg,Varsity View Community Centre,https://varsityview.org/about/,Leisure / Community Centres,General,Indoor,Public,,,,,,,,,,,,49.8640915,-97.2591365
"315 Laxdal Rd, Winnipeg, MB",,Winnipeg,Varsity View Community Centre,https://varsityview.org/about/,Ice,Single surface,Indoor,Public,,,,,,,,,,,,49.8640915,-97.2591365
"3160 McBey Ave, Winnipeg, MB",,Winnipeg,Kirkfield Westwood Community Centre - McBey Site,http://www.kirkfieldwestwood.com/,Leisure / Community Centres,General,Indoor,Public,,,,,,,,,,,,49.876502,-97.287384
"3160 McBey Ave, Winnipeg, MB",,Winnipeg,Kirkfield Westwood Community Centre - McBey Site,http://www.kirkfieldwestwood.com/,Physical Recreation & Sports,Gymnasiums ,Indoor,Public,,,,,,,,,,,,49.876502,-97.287384
"3160 McBey Ave, Winnipeg, MB",,Winnipeg,Kirkfield Westwood Community Centre - McBey Site,http://www.kirkfieldwestwood.com/,Physical Recreation & Sports,Fitness centres / areas ,Indoor,Public,,,,,,,,,,,,49.876502,-97.287384
"323 Bruce Ave East, Winnipeg, MB",,Winnipeg,Deer Lodge Community Centre,http://www.deerlodgecommunityclub.ca/contact/,Leisure / Community Centres,General,Indoor,Public,,,,,,,,,,,,49.8818843,-97.2269184
"327 St. Adolphe Road, St. Adolphe, MB",,Ritchot,"

St. Adolphe Curling Club",https://www.ritchot.com/p/recreation-centres-arenas-,Ice,Curling,Indoor,Public,,,,,,,,,,,,49.6712825,-97.1060857
"345 St. Adolphe Rd., St. Adolphe, MB. ",,Ritchot,St. Adolphe Arena & Pioneer Hall,https://www.ritchot.com/p/recreation-centres-arenas-,Ice,Single surface,Indoor,Public,,,,,,,,,,,,49.6709894,-97.1066442
"345 St. Adolphe Rd., St. Adolphe, MB. ",,Ritchot,St. Adolphe Arena & Pioneer Hall,https://www.ritchot.com/p/recreation-centres-arenas-,Leisure / Community Centres,General,Indoor,Public,,,,,,,,,,,,49.6709894,-97.1066442
"3450 Pembina Hwy, Winnipeg, MB",,Winnipeg,St. Norbert Community Centre,https://www.stnorbertcc.ca/contact-us,Leisure / Community Centres,General,Indoor,Public,,,,,,,,,,,,49.7684372,-97.1549438
"3450 Pembina Hwy, Winnipeg, MB",,Winnipeg,St. Norbert Community Centre,https://www.stnorbertcc.ca/contact-us,Ice,Single surface,Indoor,Public,,,,,,,,,,,,49.7684372,-97.1549438
"3450 Pembina Hwy, Winnipeg, MB",,Winnipeg,St. Norbert Community Centre,https://www.stnorbertcc.ca/contact-us,Physical Recreation & Sports,Gymnasiums ,Indoor,Public,,,,,,,,,,,,49.7684372,-97.1549438
"359 Dowling Ave E, Winnipeg, MB",,Winnipeg,Oxford Heights Community Centre,http://oxfordheights.pointstreaksites.com/view/oxfordheights/hall-rentals,Leisure / Community Centres,General,Indoor,Public,,,,,,,,,,,,49.9067299,-96.9923959
"359 Dowling Ave E, Winnipeg, MB",,Winnipeg,Oxford Heights Community Centre,http://oxfordheights.pointstreaksites.com/view/oxfordheights/hall-rentals,Physical Recreation & Sports,Gymnasiums ,Indoor,Public,,,,,,,,,,,,49.9067299,-96.9923959
"359 Dowling Ave E, Winnipeg, MB",,Winnipeg,Oxford Heights Community Centre,http://oxfordheights.pointstreaksites.com/view/oxfordheights/hall-rentals,Physical Recreation & Sports,Fitness centres / areas ,Indoor,Public,,,,,,,,,,,,49.9067299,-96.9923959
"360 Cockburn St N, Winnipeg, MB",,Winnipeg,Earl Grey Community Centre,http://www.earlgreycc.ca/,Leisure / Community Centres,General,Indoor,Public,,,,,,,,,,,,49.866415,-97.150938
"360 Cockburn St N, Winnipeg, MB",,Winnipeg,Earl Grey Community Centre,http://www.earlgreycc.ca/,Physical Recreation & Sports,Fitness centres / areas ,Indoor,Public,,,,,,,,,,,,49.866415,-97.150938
"360 Cockburn St N, Winnipeg, MB",,Winnipeg,Earl Grey Community Centre,http://www.earlgreycc.ca/,Physical Recreation & Sports,Gymnasiums ,Indoor,Public,,,,,,,,,,,,49.866415,-97.150938
"368 Southport Blvd, Winnipeg, MB",,Winnipeg,Tuxedo Community Centre,https://www.tuxedocc.ca/,Leisure / Community Centres,General,Indoor,Public,,,,,,,,,,,,49.864942,-97.216332
"368 Southport Blvd, Winnipeg, MB",,Winnipeg,Tuxedo Community Centre,https://www.tuxedocc.ca/,Physical Recreation & Sports,Tennis and/or pickleball courts ,Indoor,Public,,,,,,,,,,,,49.864942,-97.216332
"368 Southport Blvd, Winnipeg, MB",,Winnipeg,Tuxedo Community Centre,https://www.tuxedocc.ca/,Physical Recreation & Sports,Gymnasiums ,Indoor,Public,,,,,,,,,,,,49.864942,-97.216332
"3740 Main Street,Winnipeg,MB",,West St. Paul,West St. Paul School,https://weststpaul.com/p/other-recreation,Physical Recreation & Sports,Tennis and/or pickleball courts ,Indoor,Public,,,,,,,,,,,,49.9856639,-97.0624312
"381 Sherbrook Street, MB",,Winnipeg,Kinsmen Sherbrook (formerly Sherbrook Pool),https://winnipeg.ca/cms/recreation/facilities/pools/indoor_pools/sherbrook.stm,Aquatics,25m pool with or without other pools,Indoor,Public,,,,,,,,,,,,49.8900848,-97.1584959
"381 Sherbrook Street, MB",,Winnipeg,Kinsmen Sherbrook (formerly Sherbrook Pool),https://winnipeg.ca/cms/recreation/facilities/pools/indoor_pools/sherbrook.stm,Physical Recreation & Sports,Fitness centres / areas ,Indoor,Public,,,,,,,,,,,,49.8900848,-97.1584959
"40 Mayfair Place, MB",,Winnipeg,Mayfair Recreation Centre,https://winnipeg.ca/cms/recreation/facilities/leisurecentres/mayfair.stm,Leisure / Community Centres,General,Indoor,Public,,,,,,,,,,,,49.8823714,-97.1378012
"40 Mayfair Place, MB",,Winnipeg,Mayfair Recreation Centre,https://winnipeg.ca/cms/recreation/facilities/leisurecentres/mayfair.stm,Physical Recreation & Sports,Gymnasiums ,Indoor,Public,,,,,,,,,,,,49.8823714,-97.1378012
"40 Mayfair Place, MB",,Winnipeg,Mayfair Recreation Centre,https://winnipeg.ca/cms/recreation/facilities/leisurecentres/mayfair.stm,Ice,2+ Surfaces,Both,Public,,,,,,,,,,,,49.8823714,-97.1378012
"414 Lindenwood Dr W, Winnipeg, MB",,Winnipeg,Linden Woods Community Centre,http://www.lindenwoodscc.com/,Leisure / Community Centres,General,Indoor,Public,,,,,,,,,,,,49.8358421,-97.1979963
"414 Lindenwood Dr W, Winnipeg, MB",,Winnipeg,Linden Woods Community Centre,http://www.lindenwoodscc.com/,Physical Recreation & Sports,Gymnasiums ,Indoor,Public,,,,,,,,,,,,49.8358421,-97.1979963
"414 Lindenwood Dr W, Winnipeg, MB",,Winnipeg,Linden Woods Community Centre,http://www.lindenwoodscc.com/,Physical Recreation & Sports,"Racquet courts (squash, racquetball, badminton)",Indoor,Public,,,,,,,,,,,,49.8358421,-97.1979963
"414 Lindenwood Dr W, Winnipeg, MB",,Winnipeg,Linden Woods Community Centre,http://www.lindenwoodscc.com/,Physical Recreation & Sports,Tennis and/or pickleball courts ,Indoor,Public,,,,,,,,,,,,49.8358421,-97.1979963
"4230 Ridgewood Ave, Winnipeg, MB",,Winnipeg,Varsity View Community Centre - Sportsplex,https://varsityview.org/hall-rental/,Leisure / Community Centres,General,Indoor,Public,,,,,,,,,,,,49.845026,-97.270632
"4230 Ridgewood Ave, Winnipeg, MB",,Winnipeg,Varsity View Community Centre - Sportsplex,https://varsityview.org/hall-rental/,Physical Recreation & Sports,Fitness centres / areas ,Indoor,Public,,,,,,,,,,,,49.845026,-97.270632
"430 Langside Street, MB",,Winnipeg,Magnus Eliason Recreation Centre,https://winnipeg.ca/cms/recreation/facilities/leisurecentres/magnuseliason.stm,Leisure / Community Centres,General,Indoor,Public,,,,,,,,,,,,49.8919065,-97.1566153
"430 Langside Street, MB",,Winnipeg,Magnus Eliason Recreation Centre,https://winnipeg.ca/cms/recreation/facilities/leisurecentres/magnuseliason.stm,Physical Recreation & Sports,Gymnasiums ,Indoor,Public,,,,,,,,,,,,49.8919065,-97.1566153
"431 Grassmere Rd., West St.Paul, MB",,West St. Paul,West St. Paul Curling Rink,https://weststpaul.com/p/other-recreation,Ice,Curling,Indoor,Public,,,,,,,,,,,,49.9810746,-97.0679855
"434 Adsum Dr, Winnipeg, MB",,Winnipeg,Maples Community Centre,http://maplescc.ca/contacts.html,Leisure / Community Centres,General,Indoor,Public,,,,,,,,,,,,49.9535414,-97.1750468
"434 Adsum Dr, Winnipeg, MB",,Winnipeg,Maples Community Centre,http://maplescc.ca/contacts.html,Physical Recreation & Sports,Gymnasiums ,Indoor,Public,,,,,,,,,,,,49.9535414,-97.1750468
"444 Adsum Drive, MB",,Winnipeg,Seven Oaks,https://winnipeg.ca/cms/recreation/facilities/pools/indoor_pools/seven_oaks.stm,Aquatics,25m pool with or without other pools,Indoor,Public,,,,,,,,,,,,49.9532839,-97.175648
"448 Burnell Street, Winnipeg, MB",,Winnipeg,Valour Community Centre - Orioles Site,http://valourcc.ca/facilities/orioles/,Leisure / Community Centres,General,Indoor,Public,,,,,,,,,,,,49.8906726,-97.1707764
"448 Burnell Street, Winnipeg, MB",,Winnipeg,Valour Community Centre - Orioles Site,http://valourcc.ca/facilities/orioles/,Physical Recreation & Sports,Fitness centres / areas ,Indoor,Public,,,,,,,,,,,,49.8906726,-97.1707764
"460 Andrews St, Winnipeg, MB",,Winnipeg,Ralph Brown Community Centre,http://ralphbrowncc.com/rental.html,Leisure / Community Centres,Youth,Indoor,Public,,,,,,,,,,,,49.9265975,-97.1386674
"471 Hampton St, Winnipeg, MB",,Winnipeg,Bord-Aire Community Centre,https://www.facebook.com/BordAire/,Leisure / Community Centres,General,Indoor,Public,,,,,,,,,,,,49.8894696,-97.2113946
"48 Holland Rd. West St. Paul, MB",,West St. Paul,Sunova Center,https://weststpaul.com/p/sunova-programs,Leisure / Community Centres,General,Indoor,Public,,,,,,,,,,,,49.9796448,-97.0817129
"48 Holland Rd. West St. Paul, MB",,West St. Paul,Sunova Center,https://weststpaul.com/p/sunova-programs,Physical Recreation & Sports,Gymnasiums ,Indoor,Public,,,,,,,,,,,,49.9796448,-97.0817129
"48 Holland Rd. West St. Paul, MB",,West St. Paul,Sunova Center,https://weststpaul.com/p/sunova-programs,Physical Recreation & Sports,Fitness centres / areas ,Indoor,Public,,,,,,,,,,,,49.9796448,-97.0817129
"48 Holland Rd. West St. Paul, MB",,West St. Paul,Sunova Center,https://weststpaul.com/p/sunova-programs,Physical Recreation & Sports,Tennis and/or pickleball courts ,Indoor,Public,,,,,,,,,,,,49.9796448,-97.0817129
"48 Holland Rd. West St. Paul, MB",,Headingley,Headingley Community Centre,http://www.rmofheadingley.ca/p/rental-rates,Leisure / Community Centres,General,Indoor,Public,,,,,,,,,,,,49.9796448,-97.0817129
"480 Chalmers Ave, Winnipeg, MB",,Winnipeg,Chalmers Community Centre,http://www.chalmerscc.ca/,Leisure / Community Centres,General,Indoor,Public,,,,,,,,,,,,49.9103749,-97.1010435
"480 Kimberly Ave, Winnipeg, MB",,Winnipeg,Melrose Park Community Centre,http://melroseparkcc.ca/contact.cfm,Leisure / Community Centres,General,Indoor,Public,,,,,,,,,,,,49.9233932,-97.0921428
"490 Keenleyside Street, Winnipeg, MB",,Winnipeg,East Elmwood Community Centre,http://eastelmwoodcc.ca/contact-us/,Leisure / Community Centres,General,Indoor,Public,,,,,,,,,,,,49.9069664,-97.0719681
"490 Keenleyside Street, Winnipeg, MB",,Winnipeg,East Elmwood Community Centre,http://eastelmwoodcc.ca/contact-us/,Physical Recreation & Sports,Gymnasiums ,Indoor,Public,,,,,,,,,,,,49.9069664,-97.0719681
"490 Keenleyside Street, Winnipeg, MB",,Winnipeg,East Elmwood Community Centre,http://eastelmwoodcc.ca/contact-us/,Physical Recreation & Sports,Tennis and/or pickleball courts ,Indoor,Public,,,,,,,,,,,,49.9069664,-97.0719681
"490 Sinclair St,Winnipeg, MB",,Winnipeg,Sinclair Park Community Centre,https://www.sinclairparkcc.com/,Leisure / Community Centres,General,Indoor,Public,,,,,,,,,,,,49.9302471,-97.1514312
"490 Sinclair St,Winnipeg, MB",,Winnipeg,Sinclair Park Community Centre,https://www.sinclairparkcc.com/,Physical Recreation & Sports,Gymnasiums ,Indoor,Public,,,,,,,,,,,,49.9302471,-97.1514312
"500 Nathaniel St., MB",,Winnipeg,Charles A. Barbour Arena,https://winnipeg.ca/cms/recreation/programs/skating.stm#skateSchedule,Ice,Single surface,Indoor,Public,,,,,,,,,,,,49.8553835,-97.168898
"510 King Street, MB",,Winnipeg,Turtle Island Neighbourhood Centre,https://winnipeg.ca/cms/recreation/facilities/leisurecentres/turtleisland.stm,Leisure / Community Centres,General,Indoor,Public,,,,,,,,,,,,49.911109,-97.136599
"510 King Street, MB",,Winnipeg,Turtle Island Neighbourhood Centre,https://winnipeg.ca/cms/recreation/facilities/leisurecentres/turtleisland.stm,Physical Recreation & Sports,Gymnasiums ,Indoor,Public,,,,,,,,,,,,49.911109,-97.136599
"51080 PR 501, Ross Municipal Rd 45 E, Richer, MB ",,Taché,Ross Community Centre,http://rmtache.ca/main.aspx?CategoryCode=7308C02D-61DC-4624-B98F-F11F11C92D1C&pageCode=22F69C43-47EE-41D2-B06C-5348779557B1&subPageCode=854B5FE9-BBA2-401C-AD31-7B8018CCEE46,Leisure / Community Centres,General,Indoor,Public,,,,,,,,,,,,49.6721098,-96.4342822
"517 Pandora Ave E, Winnipeg, MB",,Winnipeg,East End Community Centre,https://eastendarena.ca/,Leisure / Community Centres,General,Indoor,Public,,,,,,,,,,,,49.8945602,-96.992204
"517 Pandora Ave E, Winnipeg, MB",,Winnipeg,East End Community Centre,https://eastendarena.ca/,Ice,Single surface,Indoor,Public,,,,,,,,,,,,49.8945602,-96.992204
"517 Pandora Ave E, Winnipeg, MB",,Winnipeg,East End Community Centre,https://eastendarena.ca/,Physical Recreation & Sports,Gymnasiums ,Indoor,Public,,,,,,,,,,,,49.8945602,-96.992204
"517 Pandora Ave E, Winnipeg, MB",,Winnipeg,East End Community Centre,https://eastendarena.ca/,Physical Recreation & Sports,Fitness centres / areas ,Indoor,Public,,,,,,,,,,,,49.8945602,-96.992204
"535 Oakdale Dr., MB",,Winnipeg,Eric Coy Arena,https://winnipeg.ca/cms/recreation/programs/skating.stm#skateSchedule,Ice,Single surface,Indoor,Public,,,,,,,,,,,,0,0
"544 Holland Street, Anola, MB",,Springfield,Dugald Community Club,https://www.rmofspringfield.ca/p/springfield-community-clubs,Leisure / Community Centres,General,Indoor,Public,,,,,,,,,,,,49.883162,-96.8355923
"55 Belcourt Rd, MB",,St. François Xavier,Belcourt Community Club,http://www.rm-stfrancois.mb.ca/main.aspx?CategoryCode=71C5B41B-2BE9-45BB-BE76-B808B9C1C779&pageCode=7184CC72-6ABF-4FB1-8D3C-F708996C8F9A#.Xi79tiiJKUl,Leisure / Community Centres,General,Indoor,Public,,,,,,,,,,,,50.0518886,-97.8626933
"550 Dale Blvd, Winnipeg, MB",,Winnipeg,Westdale Community Centre,https://westdale.mb.ca/,Leisure / Community Centres,General,Indoor,Public,,,,,,,,,,,,49.86125,-97.3155759
"565 Guilbault St, Winnipeg, MB",,Winnipeg,Archwood Community Centre,http://www.archwoodcc.com/hall-rentals.html,Leisure / Community Centres,General,Indoor,Public,,,,,,,,,,,,49.8756792,-97.1004897
"565 Guilbault St, Winnipeg, MB",,Winnipeg,Archwood Community Centre,http://www.archwoodcc.com/hall-rentals.html,Physical Recreation & Sports,Gymnasiums ,Indoor,Public,,,,,,,,,,,,49.8756792,-97.1004897
"580 St. Anne's Road, MB",,Winnipeg,St. Vital Centennial Arena,https://winnipeg.ca/cms/recreation/programs/skating.stm#skateSchedule,Ice,Single surface,Indoor,Public,,,,,,,,,,,,49.832776,-97.092393
"5819 Henderson Hwy, Narol, MB",,St. Clements,Corpus Christi Church Hall,https://rmofstclements.com/fitness-classes/,Physical Recreation & Sports,Fitness centres / areas ,Indoor,Public,,,,,,,,,,,,50.05819,-96.973601
"601 Aikins Street, MB",,Winnipeg,St. John's Leisure Centre,https://winnipeg.ca/cms/recreation/facilities/leisurecentres/stjohnsleisure.stm,Leisure / Community Centres,General,Indoor,Public,,,,,,,,,,,,49.9278289,-97.127357
"625 Osborne Street, MB",,Winnipeg,Sam Southern Arena,https://winnipeg.ca/cms/recreation/facilities/leisurecentres/fortrougeleisurecentre.stm,Ice,Single surface,Indoor,Public,,,,,,,,,,,,49.863389,-97.1346262
"625 Osborne Street, MB",,Winnipeg,Fort Rouge Leisure Centre,https://winnipeg.ca/cms/recreation/facilities/leisurecentres/fortrougeleisurecentre.stm,Leisure / Community Centres,General,Indoor,Public,,,,,,,,,,,,49.863389,-97.1346262
"625 Osborne Street, MB",,Winnipeg,Fort Rouge Leisure Centre,https://winnipeg.ca/cms/recreation/facilities/leisurecentres/fortrougeleisurecentre.stm,Physical Recreation & Sports,Fitness centres / areas ,Indoor,Public,,,,,,,,,,,,49.863389,-97.1346262
"630 Rivard St., Ile-des-Chênes, MB",,Ritchot,Ile des Chenes Arena,https://www.ritchot.com/p/recreation-centres-arenas-,Ice,Single surface,Indoor,Public,,,,,,,,,,,,49.7141523,-96.9934433
"64-128 Klimpke Rd, Rosser, MB",,Rosser,Little Mountain Sportsplex,"http://www.rmofrosser.com/main.asp?fxoid=FXMenu,5&cat_ID=4&sub_ID=48",Leisure / Community Centres,General,Indoor,Public,,,,,,,,,,,,49.9562633,-97.2559302
"640 Pepperloaf Cres,  Winnipeg, MB",,Winnipeg,Roblin Park Community Centre,http://roblinpark.mb.ca/home,Leisure / Community Centres,General,Indoor,Public,,,,,,,,,,,,49.8537406,-97.2899181
"644 Parkdale Street, MB",,Winnipeg,St. James Assiniboia Centennial,https://winnipeg.ca/cms/recreation/facilities/pools/indoor_pools/st_james_assiniboia.stm,Aquatics,25m pool with or without other pools,Indoor,Public,,,,,,,,,,,,49.8839213,-97.2958959
"644 Parkdale Street, MB",,Winnipeg,St. James Assiniboia Centennial,https://winnipeg.ca/cms/recreation/facilities/pools/indoor_pools/st_james_assiniboia.stm,Physical Recreation & Sports,Fitness centres / areas ,Indoor,Public,,,,,,,,,,,,49.8839213,-97.2958959
"644 Parkdale Street, MB",,Winnipeg,St. James Assiniboia Centennial,https://winnipeg.ca/cms/recreation/facilities/pools/indoor_pools/st_james_assiniboia.stm,Physical Recreation & Sports,Running tracks (track and field),Indoor,Public,,,,,,,,,,,,49.8839213,-97.2958959
"644 Parkdale Street, MB",,Winnipeg,St. James Assiniboia Centennial,https://winnipeg.ca/cms/recreation/facilities/pools/indoor_pools/st_james_assiniboia.stm,Aquatics,Spray parks / splash pads,Indoor,Public,,,,,,,,,,,,49.8839213,-97.2958959
"644 Parkdale Street, MB",,Winnipeg,St. James Assiniboia Centennial,https://winnipeg.ca/cms/recreation/facilities/pools/indoor_pools/st_james_assiniboia.stm,Leisure / Community Centres,General,Indoor,Public,,,,,,,,,,,,49.8839213,-97.2958959
"65 Granville St, Winnipeg, MB",,Winnipeg,Norquay Community Centre,https://www.facebook.com/Norquaycc/,Leisure / Community Centres,General,Indoor,Public,,,,,,,,,,,,49.9100238,-97.1273621
"666 Silverstone Ave, Winnipeg, MB",,Winnipeg,Richmond Kings Community Centre,https://www.swcc1.ca/family-centre/,Leisure / Community Centres,General,Indoor,Public,,,,,,,,,,,,49.7989818,-97.1366447
"672 Dugald Rd, Dugald, MB",,Springfield,Springfield Curling Club,https://www.rmofspringfield.ca/p/springfield-community-clubs,Ice,Curling,Indoor,Public,,,,,,,,,,,,49.8859097,-96.8381405
"685 Dalhousie Drive, MB",,Winnipeg,Margaret Grant,https://winnipeg.ca/cms/recreation/facilities/pools/indoor_pools/margaret_grant.stm,Aquatics,25m pool with or without other pools,Indoor,Public,,,,,,,,,,,,49.7823089,-97.1531411
"69 Pierson Drive, Tyndall, MB",,Brokenhead 4,Tyndall Village Community Centre,http://rmofbrokenhead.ca/m/tyndall-village-community-centre,Leisure / Community Centres,General,Indoor,Public,,,,,,,,,,,,50.0857464,-96.6578045
"70 Doubleday Dr, Winnipeg, MB",,Winnipeg,Maples Community Centre - James Nisbett site,http://maplescc.ca/,Leisure / Community Centres,General,Indoor,Public,,,,,,,,,,,,49.9523779,-97.1658843
"70 Doubleday Dr, Winnipeg, MB",,Winnipeg,Maples Community Centre - James Nisbett site,http://maplescc.ca/,Ice,Single surface,Indoor,Public,,,,,,,,,,,,49.9523779,-97.1658843
"70 Doubleday Dr, Winnipeg, MB",,Winnipeg,Maples Community Centre - James Nisbett site,http://maplescc.ca/,Physical Recreation & Sports,Sport fields,Indoor,Public,,,,,,,,,,,,49.9523779,-97.1658843
"70 Doubleday Dr, Winnipeg, MB",,Winnipeg,Maples Community Centre - James Nisbett site,http://maplescc.ca/,Physical Recreation & Sports,Fitness centres / areas ,Indoor,Public,,,,,,,,,,,,49.9523779,-97.1658843
"700 Munroe Ave, Winnipeg, MB",,Winnipeg,Morse Place Community Centre,https://www.google.ca/search?q=Morse+Place+Community+Centre&oq=Morse+Place+Community+Centre&aqs=chrome..69i57.1724j0j4&sourceid=chrome&ie=UTF-8,Leisure / Community Centres,General,Indoor,Public,,,,,,,,,,,,49.9130128,-97.084261
709 Keewatin St. MB,,Winnipeg,Billy Mosienko Arena,https://winnipeg.ca/cms/recreation/programs/skating.stm#skateSchedule,Ice,Single surface,Indoor,Public,,,,,,,,,,,,49.9347711,-97.1945325
"715 Telfer St N, Winnipeg, MB",,Winnipeg,Valour Community Centre - Isaac Brock site,http://valourcc.ca/facilities/isaac-brock/,Leisure / Community Centres,General,Indoor,Public,,,,,,,,,,,,49.8877002,-97.1868346
"715 Telfer St N, Winnipeg, MB",,Winnipeg,Valour Community Centre - Isaac Brock site,http://valourcc.ca/facilities/isaac-brock/,Physical Recreation & Sports,Fitness centres / areas ,Indoor,Public,,,,,,,,,,,,49.8877002,-97.1868346
"715 Telfer St N, Winnipeg, MB",,Winnipeg,Valour Community Centre - Isaac Brock site,http://valourcc.ca/facilities/isaac-brock/,Physical Recreation & Sports,Gymnasiums ,Indoor,Public,,,,,,,,,,,,49.8877002,-97.1868346
"720 Henderson Hwy, Winnipeg, MB",,Winnipeg,Bronx Park Community Centre,https://www.bronxpark.ca/content.php?navigation_id=2449,Leisure / Community Centres,General,Indoor,Public,,,,,,,,,,,,49.9271222,-97.1061385
"720 Henderson Hwy, Winnipeg, MB",,Winnipeg,Bronx Park Community Centre,https://www.bronxpark.ca/content.php?navigation_id=2449,Physical Recreation & Sports,Gymnasiums ,Indoor,Public,,,,,,,,,,,,49.9271222,-97.1061385
"725 Kingsbury Ave, Winnipeg, MB",,Winnipeg,Garden City Community Centre,https://www.gardencitycc.com/arena/info,Leisure / Community Centres,General,Indoor,Public,,,,,,,,,,,,49.9473413,-97.1385559
"725 Kingsbury Ave, Winnipeg, MB",,Winnipeg,Garden City Community Centre,https://www.gardencitycc.com/arena/info,Ice,2+ surfaces,Indoor,Public,,,,,,,,,,,,49.9473413,-97.1385559
"725 Kingsbury Ave, Winnipeg, MB",,Winnipeg,Garden City Community Centre,https://www.gardencitycc.com/arena/info,Physical Recreation & Sports,Running tracks (track and field),Indoor,Public,,,,,,,,,,,,49.9473413,-97.1385559
"725 Kingsbury Ave, Winnipeg, MB",,Winnipeg,Garden City Community Centre,https://www.gardencitycc.com/arena/info,Physical Recreation & Sports,Fitness centres / areas ,Indoor,Public,,,,,,,,,,,,49.9473413,-97.1385559
"725 Kingsbury Ave, Winnipeg, MB",,Winnipeg,Garden City Community Centre,https://www.gardencitycc.com/arena/info,Physical Recreation & Sports,Sport fields,Indoor,Public,,,,,,,,,,,,49.9473413,-97.1385559
"725 Kylemore Ave, Winnipeg, MB",,Winnipeg,Lord Roberts Community Centre,http://lordrobertscc.ca/programs/,Leisure / Community Centres,General,Indoor,Public,,,,,,,,,,,,49.8601154,-97.1440268
"725 Kylemore Ave, Winnipeg, MB",,Winnipeg,Lord Roberts Community Centre,http://lordrobertscc.ca/programs/,Physical Recreation & Sports,Gymnasiums ,Indoor,Public,,,,,,,,,,,,49.8601154,-97.1440268
"725 Kylemore Ave, Winnipeg, MB",,Winnipeg,Lord Roberts Community Centre,http://lordrobertscc.ca/programs/,Physical Recreation & Sports,Fitness centres / areas ,Indoor,Public,,,,,,,,,,,,49.8601154,-97.1440268
"75 Woodlawn Ave, Winnipeg,MB",,Winnipeg,Greendell Community Centre,http://greendellparkcc.pointstreaksites.com/view/greendellparkcc/programs/greendell-badminton,Leisure / Community Centres,General,Indoor,Public,,,,,,,,,,,,49.8218246,-97.1204901
"75 Woodlawn Ave, Winnipeg,MB",,Winnipeg,Greendell Community Centre,http://greendellparkcc.pointstreaksites.com/view/greendellparkcc/programs/greendell-badminton,Physical Recreation & Sports,Gymnasiums ,Indoor,Public,,,,,,,,,,,,49.8218246,-97.1204901
"75 Woodlawn Ave, Winnipeg,MB",,Winnipeg,Greendell Community Centre,http://greendellparkcc.pointstreaksites.com/view/greendellparkcc/programs/greendell-badminton,Physical Recreation & Sports,"Racquet courts (squash, racquetball, badminton)",Indoor,Public,,,,,,,,,,,,49.8218246,-97.1204901
"75 Woodlawn Ave, Winnipeg,MB",,Winnipeg,Greendell Community Centre,http://greendellparkcc.pointstreaksites.com/view/greendellparkcc/programs/greendell-badminton,Physical Recreation & Sports,Tennis and/or pickleball courts ,Indoor,Public,,,,,,,,,,,,49.8218246,-97.1204901
"75 Woodlawn Ave, Winnipeg,MB",,Winnipeg,Greendell Community Centre,http://greendellparkcc.pointstreaksites.com/view/greendellparkcc/programs/greendell-badminton,Physical Recreation & Sports,Fitness centres / areas ,Indoor,Public,,,,,,,,,,,,49.8218246,-97.1204901
"799 Logan Ave, MB",,Winnipeg,Charlie Gardiner Arena  (formerly Pioneer),https://winnipeg.ca/cms/recreation/programs/skating.stm#skateSchedule,Ice,Single surface,Indoor,Public,,,,,,,,,,,,49.9102329,-97.1575365
"8 Second Street, Tyndall, MB",,Brokenhead 4,Tyndall Curling Club,http://rmofbrokenhead.ca/m/tyndall-curling-club,Ice,Curling,Indoor,Public,,,,,,,,,,,,50.083984,-96.660971
"80 Derek St, Winnipeg, MB",,Winnipeg,Fort Garry Community Centre - Victoria Site,http://www.fortgarrycc.ca/home/facilities_programming,Leisure / Community Centres,General,Indoor,Public,,,,,,,,,,,,49.847354,-97.1583228
"80 Derek St, Winnipeg, MB",,Winnipeg,Fort Garry Community Centre - Victoria Site,http://www.fortgarrycc.ca/home/facilities_programming,Physical Recreation & Sports,Gymnasiums ,Indoor,Public,,,,,,,,,,,,49.847354,-97.1583228
"80 MB-247, La Salle, MB ",,Macdonald,Lasalle Curling Club,"https://www.mhrd.ca/pages/community-directory/42/page/brunkild/46,47,48,49,50,51",Ice,Single surface,Indoor,Public,,,,,,,,,,,https://arenaguide.ca/city/oak-bluff/,49.6891518,-97.266166
"84 Saltel Rd, Ste Genevieve, MB",,Taché,Ste Genevieve Community Center ,http://rmtache.ca/main.aspx?CategoryCode=7308C02D-61DC-4624-B98F-F11F11C92D1C&pageCode=22F69C43-47EE-41D2-B06C-5348779557B1&subPageCode=854B5FE9-BBA2-401C-AD31-7B8018CCEE46,Leisure / Community Centres,General,Indoor,Public,,,,,,,,,,,,37.9786618,-90.0475582
"87 Walmer St, Winnipeg, MB",,Winnipeg,Norwood Community Centre,https://www.norwoodcc.ca/contact-us,Leisure / Community Centres,General,Indoor,Public,,,,,,,,,,,,49.8787749,-97.1284704
"87 Walmer St, Winnipeg, MB",,Winnipeg,Norwood Community Centre,https://www.norwoodcc.ca/contact-us,Physical Recreation & Sports,Fitness centres / areas ,Indoor,Public,,,,,,,,,,,,49.8787749,-97.1284704
"880 Oakenwald Ave, Winnipeg, MB",,Winnipeg,Fort Garry Community Centre,http://www.fortgarrycc.ca/home/recreation,Leisure / Community Centres,General,Indoor,Public,,,,,,,,,,,,49.841291,-97.149081
"90 Ashland Ave, Winnipeg, MB",,Winnipeg,Riverview Community Centre,https://riverviewcc.ca/facility-rental/,Leisure / Community Centres,General,Indoor,Public,,,,,,,,,,,,49.8647231,-97.1188447
"90 Ferry Road, MB",,Winnipeg,Bourkevale Lawn Bowling,https://winnipeg.ca/cms/recreation/facilities/leisurecentres/bourkevale.stm,Leisure / Community Centres,General,Indoor,Public,,,,,,,,,,,,49.8743604,-97.2208673
"90 Matilda Ave, Grand Marais, MB",,St. Clements,Grand Marais Recreation Centre,https://rmofstclements.com/venue/grand-marais-recreation-centre/,Leisure / Community Centres,General,Indoor,Public,,,,,,,,,,,,50.5441918,-96.6125596
"90 Sinclair Street, MB",,Winnipeg,Sergeant Tommy Prince Place,https://winnipeg.ca/cms/recreation/facilities/pools/indoor_pools/sergeant_tommy_prince_place.stm,Aquatics,25m pool with or without other pools,Indoor,Public,,,,,,,,,,,,49.9178996,-97.1613534
"90 Sinclair Street, MB",,Winnipeg,Sergeant Tommy Prince Place,https://winnipeg.ca/cms/recreation/facilities/pools/indoor_pools/sergeant_tommy_prince_place.stm,Physical Recreation & Sports,Fitness centres / areas ,Indoor,Public,,,,,,,,,,,,49.9178996,-97.1613534
"90 Sinclair Street, MB",,Winnipeg,Sergeant Tommy Prince Place,https://winnipeg.ca/cms/recreation/facilities/pools/indoor_pools/sergeant_tommy_prince_place.stm,Physical Recreation & Sports,Gymnasiums ,Indoor,Public,,,,,,,,,,,,49.9178996,-97.1613534
"90 Sinclair Street, MB",,Winnipeg,Sergeant Tommy Prince Place,https://winnipeg.ca/cms/recreation/facilities/pools/indoor_pools/sergeant_tommy_prince_place.stm,Leisure / Community Centres,General,Indoor,Public,,,,,,,,,,,,49.9178996,-97.1613534
901 Kimberly Ave. MB,,Winnipeg,Terry Sawchuk Arena,https://winnipeg.ca/cms/recreation/programs/skating.stm#skateSchedule,Ice,Single surface,Indoor,Public,,,,,,,,,,,,49.9174838,-97.0710213
"909 Concordia Avenue, MB",,Winnipeg,Elmwood Kildonans ,https://winnipeg.ca/cms/recreation/facilities/pools/indoor_pools/elmwood_kildonan.stm,Aquatics,25m pool with or without other pools,Indoor,Public,,,,,,,,,,,,49.9157667,-97.0727862
"909 Concordia Avenue, MB",,Winnipeg,Elmwood Kildonans,https://winnipeg.ca/cms/recreation/facilities/pools/indoor_pools/elmwood_kildonan.stm,Physical Recreation & Sports,Fitness centres / areas ,Indoor,Public,,,,,,,,,,,,49.9157667,-97.0727862
"910 Maginot St., MB",,Winnipeg,Maginot Arena,https://winnipeg.ca/cms/recreation/programs/skating.stm#skateSchedule,Ice,Single surface,Indoor,Public,,,,,,,,,,,,49.8729913,-97.0800691
"960 Arlington St, Winnipeg, MB",,Winnipeg,Burton Cummings Community Centre,https://web.winnipeg-chamber.com/COMMUNITY-CENTRES/Burton-Cummings-Community-Centre-1679,Leisure / Community Centres,General,Indoor,Public,,,,,,,,,,,,49.9060924,-97.1670661
"980 Palmerston Ave, Winnipeg, MB",,Winnipeg,Robert A. Steen Memorial Community Centre,http://robertasteencc.ca/facility-rental/,Leisure / Community Centres,General,Indoor,Public,,,,,,,,,,,,49.876965,-97.1731932
"980 Palmerston Ave, Winnipeg, MB",,Winnipeg,Robert A. Steen Memorial Community Centre,http://robertasteencc.ca/facility-rental/,Physical Recreation & Sports,Gymnasiums ,Indoor,Public,,,,,,,,,,,,49.876965,-97.1731932
"980 Winakwa Rd, Winnipeg, MB",,Winnipeg,Winakwa Community Centre,https://winakwacc.ca/services,Leisure / Community Centres,General,Indoor,Public,,,,,,,,,,,,49.8634714,-97.0742782
"980 Winakwa Rd, Winnipeg, MB",,Winnipeg,Winakwa Community Centre,https://winakwacc.ca/services,Physical Recreation & Sports,Gymnasiums ,Indoor,Public,,,,,,,,,,,,49.8634714,-97.0742782
"980 Winakwa Rd, Winnipeg, MB",,Winnipeg,Winakwa Community Centre,https://winakwacc.ca/services,Physical Recreation & Sports,Fitness centres / areas ,Indoor,Public,,,,,,,,,,,,49.8634714,-97.0742782
"980 Winakwa Rd, Winnipeg, MB",,Winnipeg,Winakwa Community Centre,https://winakwacc.ca/services,Physical Recreation & Sports,Tennis and/or pickleball courts ,Indoor,Public,,,,,,,,,,,,49.8634714,-97.0742782
"980 Winakwa Rd, Winnipeg, MB",,Winnipeg,Central Corydon Community Centre - Crescentwood Site,https://corydoncc.com/facilities/crescentwood-facilities/,Leisure / Community Centres,General,Indoor,Public,,,,,,,,,,,,49.8634714,-97.0742782
"983 MB-26, Saint François Xavier, MB",,St. François Xavier,St. Francois Xavier Community Club,http://www.sfxcc.com/programs-1.html,Physical Recreation & Sports,Tennis and/or pickleball courts ,Indoor,Public,,,,,,,,,,,,49.9103155,-97.5356359
"983 MB-26, Saint François Xavier, MB ",,St. François Xavier,St. Francois Xavier Community Club,http://www.rm-stfrancois.mb.ca/main.aspx?CategoryCode=71C5B41B-2BE9-45BB-BE76-B808B9C1C779&pageCode=7184CC72-6ABF-4FB1-8D3C-F708996C8F9A#.Xi76lyiJK70,Leisure / Community Centres,General,Indoor,Public,,,,,,,,,,,,49.9103155,-97.5356359
"99 Springside Dr, Winnipeg, MB",,Winnipeg,Windsor Community Centre,http://windsorcc.ca/?page_id=62,Leisure / Community Centres,General,Indoor,Public,,,,,,,,,,,,49.853539,-97.118662
"99 Springside Dr, Winnipeg, MB",,Winnipeg,Windsor Community Centre,http://windsorcc.ca/?page_id=62,Physical Recreation & Sports,Fitness centres / areas ,Indoor,Public,,,,,,,,,,,,49.853539,-97.118662
"99 Springside Dr, Winnipeg, MB",,Winnipeg,Windsor Community Centre,http://windsorcc.ca/?page_id=62,Physical Recreation & Sports,Sport fields,Indoor,Public,,,,,,,,,,,,49.853539,-97.118662
"99 Springside Dr, Winnipeg, MB",,Winnipeg,Windsor Community Centre,http://windsorcc.ca/?page_id=62,Physical Recreation & Sports,"Racquet courts (squash, racquetball, badminton)",Indoor,Public,,,,,,,,,,,,49.853539,-97.118662
"999 Sargent Avenue, MB",,Winnipeg,Cindy Klassen Recreation Complex,https://winnipeg.ca/cms/recreation/facilities/pools/indoor_pools/cindy_klassen.stm,Aquatics,25m pool with or without other pools,Indoor,Public,,,,,,,,,,,,49.8977578,-97.180647
"999 Sargent Avenue, MB",,Winnipeg,Cindy Klassen Recreation Complex,https://winnipeg.ca/cms/recreation/facilities/pools/indoor_pools/cindy_klassen.stm,Aquatics,Leisure / wading pools,Indoor,Public,,,,,,,,,,,,49.8977578,-97.180647
"999 Sargent Avenue, MB",,Winnipeg,Cindy Klassen Recreation Complex,https://winnipeg.ca/cms/recreation/facilities/pools/indoor_pools/cindy_klassen.stm,Physical Recreation & Sports,Fitness centres / areas ,Indoor,Public,,,,,,,,,,,,49.8977578,-97.180647
"999 Sargent Avenue, MB",,Winnipeg,Cindy Klassen Recreation Complex,https://winnipeg.ca/cms/recreation/facilities/pools/indoor_pools/cindy_klassen.stm,Physical Recreation & Sports,Running tracks (track and field),Indoor,Public,,,,,,,,,,,,49.8977578,-97.180647
"999 Sargent Avenue, MB",,Winnipeg,Cindy Klassen Recreation Complex,https://winnipeg.ca/cms/recreation/facilities/pools/indoor_pools/cindy_klassen.stm,Leisure / Community Centres,General,Indoor,Public,,,,,,,,,,,,49.8977578,-97.180647
"Domain, MB (M0G 0M0)",,Macdonald,Domain Arena,"https://www.mhrd.ca/pages/community-directory/42/page/brunkild/46,47,48,49,50,51",Ice,Single surface,Indoor,Public,,,,,,,,,,,,49.612845,-97.32198
"MB-221, Rosser, MB",,Rosser,Rosser Community centre,"http://www.rmofrosser.com/main.asp?fxoid=FXMenu,7&cat_ID=4&sub_ID=73",Leisure / Community Centres,General,Indoor,Public,,,,,,,,,,,,50.0005809,-97.5052871
"Sir George Etienne Cartier Park, Ste. Agathe, MB",,Ritchot,Red River Valley Floods Interpretive Centre ,https://www.ritchot.com/p/recreation-centres-arenas-,Leisure / Community Centres,General,Indoor,Public,,,,,,,,,,,,49.5715681,-97.1918606
